 {
  "name": "DD-40",
  "vendorId": "0x6F6A",
  "productId": "0x6434",
  "lighting": "vialrgb",
  "matrix": {
    "rows": 4,
    "cols": 13
  },
  "layouts": {
    "labels": [
      ["Bottom Row", "WKL Split Space", "WKL Full Space", "HHKB Split Space", "HHKB Full Space"]
    ],

"keymap": [
  [
    "0,0",
    {
      "x": 0.5
    },
    "0,1",
    "0,2",
    "0,3",
    "0,4",
    "0,5",
    "0,6",
    "0,7",
    "0,8",
    "0,9",
    "0,10",
    "0,11",
    {
      "w": 1.75
    },
    "0,12"
  ],
  [
    "1,0",
    {
      "x": 0.5,
      "w": 1.25
    },
    "1,1",
    "1,2",
    "1,3",
    "1,4",
    "1,5",
    "1,6",
    "1,7",
    "1,8",
    "1,9",
    "1,10",
    "1,11",
    {
      "w": 1.5
    },
    "1,12"
  ],
  [
    "2,0",
    {
      "x": 0.5,
      "w": 1.75
    },
    "2,1",
    "2,2",
    "2,3",
    "2,4",
    "2,5",
    "2,6",
    "2,7",
    "2,8",
    "2,9",
    "2,10",
    "2,11",
    "2,12"
  ],
  [
    "3,0",
    {
      "x": 0.5,
      "w": 1.25
    },
    "3,1\n\n\n0,0",
    {
      "x": 0.875,
      "w": 1.25
    },
    "3,3\n\n\n0,0",
    {
      "w": 3
    },
    "3,5\n\n\n0,0",
    {
      "w": 3
    },
    "3,8\n\n\n0,0",
    {
      "w": 1.25
    },
    "3,10\n\n\n0,0",
    {
      "x": 0.875,
      "w": 1.25
    },
    "3,12\n\n\n0,0"
  ],
  [
    {
      "x": 1.5,
      "w": 1.25
    },
    "3,1\n\n\n0,1",
    {
      "x": 0.8799999999999999,
      "w": 1.25
    },
    "3,3\n\n\n0,1",
    {
      "w": 6
    },
    "3,6\n\n\n0,1",
    {
      "x": 1.7763568394002505e-15,
      "w": 1.25
    },
    "3,10\n\n\n0,1",
    {
      "x": 0.8699999999999992,
      "w": 1.25
    },
    "3,12\n\n\n0,1"
  ],
  [
    {
      "x": 1.5,
      "w": 1.875,
      "d": true
    },
    "\n\n\n0,2",
    {
      "w": 1.25
    },
    "3,3\n\n\n0,2",
    "3,4\n\n\n0,2",
    {
      "w": 2
    },
    "3,5\n\n\n0,2",
    {
      "w": 2.25
    },
    "3,7\n\n\n0,2",
    "3,9\n\n\n0,2",
    {
      "w": 1.25
    },
    "3,10\n\n\n0,2"
  ],
  [
    {
      "x": 1.5,
      "w": 1.875,
      "d": true
    },
    "\n\n\n0,3",
    {
      "x": 0.004999999999999893,
      "w": 1.25
    },
    "3,3\n\n\n0,3",
    {
      "x": -0.004999999999999893,
      "w": 6.25
    },
    "3,6\n\n\n0,3",
    {
      "x": 0.005000000000000782,
      "w": 1.25
    },
    "3,10\n\n\n0,3"
  ]
]
  }
}